request_id,amount_safe_to_pay,affordability_status,recommended_payment_method,payment_plan,earliest_date_for_full_payment,spending_changes_needed,decision_explanation
request_26,15656000.00,affordable_now,full_payment,2025-08-03:15656000,2025-08-03,none,"Pay IDR 15,656,000 today. This leaves at least IDR 24,768,300 available over the next 90 days."
request_27,6670.00,affordable_now,full_payment,2026-07-05:6670,2026-07-05,none,"Pay ZAR 6,670 today. This leaves at least ZAR 20,500 available over the next 90 days."
request_28,289.41,affordable_later,wait,2024-08-15:1302.40,2024-08-15,none,"Pay EUR 1,302.40 in full on 15 August 2024. Paying earlier would take the balance below the EUR 1,100 minimum."
request_29,51524.00,affordable_now,full_payment,2025-11-04:51524,2025-11-04,none,"Pay ZAR 51,524 today. This leaves at least ZAR 28,300 available over the next 90 days."
request_30,775.20,affordable_with_plan,installments,2026-04-06:268.74|2026-05-06:268.74|2026-06-05:268.74,2026-04-06,none,"Use 3 installments of USD 268.74, starting 6 April 2026. This leaves at least USD 900 available."
request_31,2687952.05,affordable_later,wait,2024-10-15:18164000,2024-10-15,none,"Pay IDR 18,164,000 in full on 15 October 2024. Paying earlier would take the balance below the IDR 16,588,900 minimum."
request_32,13572.62,not_affordable,not_recommended,none,,none,"Do not make this payment by 15 April 2025. None of the available options keeps the ZAR 35,700 minimum protected."
request_33,29846.01,not_affordable,not_recommended,none,,none,"Do not make this payment by 15 March 2026. None of the available options keeps the INR 102,100 minimum protected."
request_34,129400.00,affordable_now,full_payment,2024-12-04:129400,2024-12-04,none,"Pay INR 129,400 today. This leaves at least INR 138,500 available over the next 90 days."
request_35,24122.42,affordable_later,wait,2026-01-15:212000,2026-01-15,none,"Pay INR 212,000 in full on 15 January 2026. Paying earlier would take the balance below the INR 106,400 minimum."
request_36,600.56,not_affordable,not_recommended,none,,none,"Do not make this payment by 15 September 2026. None of the available options keeps the USD 2,400 minimum protected."
request_37,4191483.26,not_affordable,not_recommended,none,,none,"Do not make this payment by 15 May 2024. None of the available options keeps the IDR 17,056,200 minimum protected."
request_38,172.40,affordable_later,wait,2025-10-15:971.30,2025-10-15,none,Pay EUR 971.30 in full on 15 October 2025. Paying earlier would take the balance below the EUR 400 minimum.
request_39,57928.72,affordable_later,wait,2026-06-15:208600,2026-06-15,none,"Pay INR 208,600 in full on 15 June 2026. Paying earlier would take the balance below the INR 213,400 minimum."
request_40,350.29,not_affordable,not_recommended,none,,none,"Do not make this payment by 15 August 2024. None of the available options keeps the EUR 1,500 minimum protected."
request_41,8685613.53,affordable_later,wait,2026-01-15:38760000,2026-01-15,none,"Pay IDR 38,760,000 in full on 15 January 2026. Paying earlier would take the balance below the IDR 25,366,600 minimum."
request_42,52100.00,affordable_now,full_payment,2026-01-05:52100,2026-01-05,none,"Pay INR 52,100 today. This leaves at least INR 113,100 available over the next 90 days."
request_43,8316804.30,affordable_later,wait,2024-09-15:43339000,2024-09-15,none,"Pay IDR 43,339,000 in full on 15 September 2024. Paying earlier would take the balance below the IDR 21,398,000 minimum."
request_44,30961.94,affordable_later,wait,2025-04-15:95800,2025-04-15,none,"Pay INR 95,800 in full on 15 April 2025. Paying earlier would take the balance below the INR 82,900 minimum."
request_45,3390665.01,not_affordable,not_recommended,none,,none,"Do not make this payment by 15 September 2026. None of the available options keeps the IDR 11,149,800 minimum protected."
request_46,34963.83,affordable_with_plan,partial_payment,2024-12-03:34963.83|2024-12-15:14486.17,2024-12-15,none,"Pay INR 34,963.83 today and the remaining INR 14,486.17 on 15 December 2024. This completes the full request and keeps the INR 84,000 minimum protected."
request_47,2368533.62,not_affordable,not_recommended,none,,none,"Do not make this payment by 19 June 2025. None of the available options keeps the IDR 30,049,000 minimum protected."
request_48,45700.00,affordable_now,full_payment,2026-07-25:45700,2026-07-25,none,"Pay INR 45,700 today. This leaves at least INR 71,300 available over the next 90 days."
request_49,12698494.50,affordable_with_plan,installments,2024-03-18:11902106.67|2024-04-18:11902106.67|2024-05-19:11902106.67,2024-04-15,none,"Use 3 installments of IDR 11,902,106.67, starting 18 March 2024. This leaves at least IDR 20,275,700 available."
request_50,43900.00,affordable_now,full_payment,2025-08-06:43900,2025-08-06,none,"Pay INR 43,900 today. This leaves at least INR 99,700 available over the next 90 days."
request_51,2191000.00,affordable_now,full_payment,2026-01-03:2191000,2026-01-03,none,"Pay IDR 2,191,000 today. This leaves at least IDR 7,811,000 available over the next 90 days."
request_52,19473.45,affordable_later,wait,2024-06-15:28870,2024-06-15,none,"Pay INR 28,870 in full on 15 June 2024. Paying earlier would take the balance below the INR 41,500 minimum."
request_53,468.73,not_affordable,not_recommended,none,,none,"Do not proceed with the USD 1,699.20 request. Although USD 468.73 is available today, the full amount cannot be completed safely within 90 days."
request_54,2228.02,not_affordable,not_recommended,none,,none,"Do not make this payment by 21 August 2026. None of the available options keeps the ZAR 37,000 minimum protected."
request_55,129870.32,affordable_with_plan,installments,2026-06-11:75781.33|2026-07-12:75781.33|2026-08-12:75781.33,2026-07-15,none,"Use 3 installments of INR 75,781.33, starting 11 June 2026. This leaves at least INR 124,300 available."
request_56,633.74,affordable_with_plan,partial_payment,2025-02-03:633.74|2025-02-15:247.82,2025-02-15,none,"Pay USD 633.74 today and the remaining USD 247.82 on 15 February 2025. This completes the full request and keeps the USD 2,100 minimum protected."
request_57,12813.20,affordable_later,wait,2026-06-15:61446,2026-06-15,none,"Pay ZAR 61,446 in full on 15 June 2026. Paying earlier would take the balance below the ZAR 42,700 minimum."
request_58,16226000.00,affordable_now,full_payment,2024-12-07:16226000,2024-12-07,none,"Pay IDR 16,226,000 today. This leaves at least IDR 14,433,900 available over the next 90 days."
request_59,140600.00,affordable_with_plan,installments,2025-05-07:48741.33|2025-06-04:48741.33|2025-07-02:48741.33,2025-05-04,none,"Use 3 installments of INR 48,741.33, starting 7 May 2025. This leaves at least INR 132,600 available."
request_60,133.21,affordable_later,wait,2026-01-15:199.89,2026-01-15,none,Pay USD 199.89 in full on 15 January 2026. Paying earlier would take the balance below the USD 400 minimum.
request_61,29062.00,affordable_with_plan,installments,2024-03-17:10074.83|2024-04-17:10074.83|2024-05-18:10074.83,2024-03-03,none,"Use 3 installments of ZAR 10,074.83, starting 17 March 2024. This leaves at least ZAR 36,700 available."
request_62,404.23,affordable_now,full_payment,2025-08-05:404.23,2025-08-05,none,"Pay USD 404.23 today. This leaves at least USD 1,300 available over the next 90 days."
request_63,37187.07,not_affordable,not_recommended,none,,none,"Do not make this payment by 17 September 2026. None of the available options keeps the INR 153,500 minimum protected."
request_64,0.00,not_affordable,not_recommended,none,,none,"Do not make this payment by 16 August 2024. None of the available options keeps the INR 36,100 minimum protected."
request_65,5961.45,not_affordable,not_recommended,none,,none,"Do not make this payment by 25 November 2025. None of the available options keeps the ZAR 15,500 minimum protected."
request_66,22200.00,affordable_now,full_payment,2026-04-03:22200,2026-04-03,none,"Pay INR 22,200 today. This leaves at least INR 80,700 available over the next 90 days."
request_67,315.33,affordable_later,wait,2024-10-15:2094,2024-10-15,none,"Pay USD 2,094 in full on 15 October 2024. Paying earlier would take the balance below the USD 1,200 minimum."
request_68,1440.30,affordable_with_plan,installments,2025-02-14:725.09|2025-03-14:725.09|2025-04-11:725.09,2025-03-15,none,"Use 3 installments of USD 725.09, starting 14 February 2025. This leaves at least USD 1,500 available."
request_69,529.10,affordable_now,full_payment,2026-01-04:529.10,2026-01-04,none,Pay EUR 529.10 today. This leaves at least EUR 700 available over the next 90 days.
request_70,50536.11,affordable_later,wait,2025-02-15:243900,2025-02-15,none,"Pay INR 243,900 in full on 15 February 2025. Paying earlier would take the balance below the INR 115,000 minimum."
request_71,255755.97,not_affordable,not_recommended,none,,none,"Do not make this payment by 28 May 2025. None of the available options keeps the IDR 8,884,800 minimum protected."
request_72,11330.00,affordable_now,full_payment,2026-07-05:11330,2026-07-05,none,"Pay ZAR 11,330 today. This leaves at least ZAR 12,200 available over the next 90 days."
request_73,71400.00,affordable_now,full_payment,2023-01-20:71400,2023-01-20,none,"Pay INR 71,400 today. This leaves at least INR 103,200 available over the next 90 days."
request_74,5010.00,affordable_now,full_payment,2025-08-04:5010,2025-08-04,none,"Pay ZAR 5,010 today. This leaves at least ZAR 21,900 available over the next 90 days."
request_75,28270.00,affordable_with_plan,installments,2026-04-09:9800.27|2026-05-09:9800.27|2026-06-08:9800.27,2026-04-06,none,"Use 3 installments of ZAR 9,800.27, starting 9 April 2026. This leaves at least ZAR 39,000 available."
request_76,345.03,not_affordable,not_recommended,none,,none,"Do not make this payment by 30 July 2024. None of the available options keeps the USD 1,800 minimum protected."
request_77,60700.00,affordable_now,full_payment,2025-11-05:60700,2025-11-05,none,"Pay INR 60,700 today. This leaves at least INR 82,200 available over the next 90 days."
request_78,46854.07,not_affordable,not_recommended,none,,none,"Do not proceed with the INR 50,200 request. Although INR 46,854.07 is available today, the full amount cannot be completed safely within 90 days."
request_79,316.81,not_affordable,not_recommended,none,,none,"Do not make this payment by 1 November 2024. None of the available options keeps the EUR 1,000 minimum protected."
request_80,0.00,not_affordable,not_recommended,none,,none,"Do not make this payment by 21 February 2025. None of the available options keeps the INR 121,300 minimum protected."
request_81,2076.00,affordable_now,full_payment,2026-07-03:2076,2026-07-03,none,"Pay USD 2,076 today. This leaves at least USD 1,600 available over the next 90 days."
request_82,383.97,affordable_later,wait,2025-02-15:1405.20,2025-02-15,none,"Pay USD 1,405.20 in full on 15 February 2025. Paying earlier would take the balance below the USD 1,100 minimum."
request_83,12240.25,not_affordable,not_recommended,none,,none,"Do not proceed with the INR 156,200 request. Although INR 12,240.25 is available today, the full amount cannot be completed safely within 90 days."
request_84,31913.01,affordable_later,wait,2026-06-15:95400,2026-06-15,none,"Pay INR 95,400 in full on 15 June 2026. Paying earlier would take the balance below the INR 91,300 minimum."
request_85,363289.84,not_affordable,not_recommended,none,,none,"Do not make this payment by 26 April 2024. None of the available options keeps the IDR 6,396,300 minimum protected."
request_86,46300.00,affordable_now,full_payment,2025-08-03:46300,2025-08-03,none,"Pay INR 46,300 today. This leaves at least INR 84,900 available over the next 90 days."
request_87,17785.65,affordable_later,wait,2026-02-15:487900,2026-02-15,none,"Pay INR 487,900 in full on 15 February 2026. Paying earlier would take the balance below the INR 185,900 minimum."
request_88,10759.01,affordable_with_plan,installments,2024-06-14:9045.23|2024-07-15:9045.23|2024-08-15:9045.23,2024-07-15,none,"Use 3 installments of ZAR 9,045.23, starting 14 June 2024. This leaves at least ZAR 25,800 available."
request_89,9356451.97,not_affordable,not_recommended,none,,none,"Do not proceed with the IDR 13,756,000 request. Although IDR 9,356,451.97 is available today, the full amount cannot be completed safely within 90 days."
request_90,2560.00,affordable_now,full_payment,2026-07-06:2560,2026-07-06,none,"Pay ZAR 2,560 today. This leaves at least ZAR 7,600 available over the next 90 days."
request_91,482.48,affordable_later,wait,2024-11-15:1927.20,2024-11-15,none,"Pay EUR 1,927.20 in full on 15 November 2024. Paying earlier would take the balance below the EUR 2,100 minimum."
request_92,34034.00,affordable_now,full_payment,2025-02-05:34034,2025-02-05,none,"Pay ZAR 34,034 today. This leaves at least ZAR 28,100 available over the next 90 days."
request_93,1729.20,affordable_now,full_payment,2026-04-07:1729.20,2026-04-07,none,"Pay USD 1,729.20 today. This leaves at least USD 1,900 available over the next 90 days."
request_94,572.00,affordable_now,full_payment,2024-12-04:572,2024-12-04,none,Pay EUR 572 today. This leaves at least EUR 600 available over the next 90 days.
request_95,35869.98,not_affordable,not_recommended,none,,none,"Do not make this payment by 14 July 2025. None of the available options keeps the INR 145,500 minimum protected."
request_96,73614.94,affordable_with_plan,installments,2026-01-10:31269.33|2026-02-09:31269.33|2026-03-11:31269.33,2026-02-15,none,"Use 3 installments of INR 31,269.33, starting 10 January 2026. This leaves at least INR 56,500 available."
request_97,1645.61,affordable_with_plan,installments,2024-03-19:8145.28|2024-04-19:8145.28|2024-05-20:8145.28,2024-04-15,none,"Use 3 installments of ZAR 8,145.28, starting 19 March 2024. This leaves at least ZAR 29,700 available."
request_98,6434.85,affordable_later,wait,2025-10-15:27148,2025-10-15,none,"Pay ZAR 27,148 in full on 15 October 2025. Paying earlier would take the balance below the ZAR 30,000 minimum."
request_99,17642.78,not_affordable,not_recommended,none,,none,"Do not proceed with the ZAR 18,062 request. Although ZAR 17,642.78 is available today, the full amount cannot be completed safely within 90 days."
request_100,26944.26,not_affordable,not_recommended,none,,none,"Do not proceed with the ZAR 37,114 request. Although ZAR 26,944.26 is available today, the full amount cannot be completed safely within 90 days."
request_101,143500.00,affordable_now,full_payment,2025-11-03:143500,2025-11-03,none,"Pay INR 143,500 today. This leaves at least INR 187,400 available over the next 90 days."
request_102,1716.00,affordable_with_plan,installments,2026-04-05:594.88|2026-05-05:594.88|2026-06-04:594.88,2026-04-05,none,"Use 3 installments of EUR 594.88, starting 5 April 2026. This leaves at least EUR 900 available."
request_103,4557.10,not_affordable,not_recommended,none,,none,"Do not make this payment by 7 October 2024. None of the available options keeps the INR 125,500 minimum protected."
request_104,5634.77,not_affordable,not_recommended,none,,none,"Do not make this payment by 15 April 2025. None of the available options keeps the ZAR 24,700 minimum protected."
request_105,49665.75,not_affordable,not_recommended,none,,none,"Do not proceed with the INR 53,500 request. Although INR 49,665.75 is available today, the full amount cannot be completed safely within 90 days."
request_106,459.83,affordable_later,wait,2024-12-15:2207.70,2024-12-15,none,"Pay EUR 2,207.70 in full on 15 December 2024. Paying earlier would take the balance below the EUR 1,200 minimum."
request_107,0.00,not_affordable,not_recommended,none,,none,"Do not make this payment by 4 July 2025. None of the available options keeps the EUR 1,600 minimum protected."
request_108,1825.90,not_affordable,not_recommended,none,,none,"Do not make this payment by 26 July 2026. None of the available options keeps the ZAR 24,100 minimum protected."
request_109,470.31,not_affordable,not_recommended,none,,none,"Do not proceed with the EUR 1,863.40 request. Although EUR 470.31 is available today, the full amount cannot be completed safely within 90 days."
request_110,22352.00,affordable_with_plan,installments,2025-08-06:7748.69|2025-09-03:7748.69|2025-10-01:7748.69,2025-08-06,none,"Use 3 installments of ZAR 7,748.69, starting 6 August 2025. This leaves at least ZAR 11,200 available."
request_111,16625000.00,affordable_now,full_payment,2026-04-03:16625000,2026-04-03,none,"Pay IDR 16,625,000 today. This leaves at least IDR 23,022,800 available over the next 90 days."
request_112,271.70,affordable_now,full_payment,2024-06-05:271.70,2024-06-05,none,Pay EUR 271.70 today. This leaves at least EUR 500 available over the next 90 days.
request_113,20004.62,affordable_later,wait,2026-10-15:36500,2026-10-15,none,"Pay INR 36,500 in full on 15 October 2026. Paying earlier would take the balance below the INR 82,300 minimum."
request_114,54421.94,not_affordable,not_recommended,none,,none,"Do not proceed with the INR 65,300 request. Although INR 54,421.94 is available today, the full amount cannot be completed safely within 90 days."
request_115,14822.62,affordable_later,wait,2024-11-15:80500,2024-11-15,none,"Pay INR 80,500 in full on 15 November 2024. Paying earlier would take the balance below the INR 38,800 minimum."
request_116,8297.62,not_affordable,not_recommended,none,,none,"Do not make this payment by 16 April 2025. None of the available options keeps the INR 80,300 minimum protected."
request_117,861.18,not_affordable,not_recommended,none,,none,"Do not proceed with the EUR 880 request. Although EUR 861.18 is available today, the full amount cannot be completed safely within 90 days."
request_118,651.69,not_affordable,not_recommended,none,,none,"Do not proceed with the EUR 738.10 request. Although EUR 651.69 is available today, the full amount cannot be completed safely within 90 days."
request_119,60698.07,affordable_with_plan,installments,2025-05-18:70546.67|2025-06-15:70546.67|2025-07-13:70546.67,2025-05-15,none,"Use 3 installments of INR 70,546.67, starting 18 May 2025. This leaves at least INR 151,200 available."
request_120,7714000.00,affordable_now,full_payment,2026-04-06:7714000,2026-04-06,none,"Pay IDR 7,714,000 today. This leaves at least IDR 20,050,300 available over the next 90 days."
request_121,633.60,affordable_now,full_payment,2024-03-03:633.60,2024-03-03,none,Pay USD 633.60 today. This leaves at least USD 800 available over the next 90 days.
request_122,20558000.00,affordable_with_plan,installments,2025-08-05:7126773.33|2025-09-02:7126773.33|2025-09-30:7126773.33,2025-08-05,none,"Use 3 installments of IDR 7,126,773.33, starting 5 August 2025. This leaves at least IDR 12,588,500 available."
request_123,0.00,not_affordable,not_recommended,none,,none,"Do not make this payment by 28 March 2026. None of the available options keeps the IDR 18,091,200 minimum protected."
request_124,1405.76,not_affordable,not_recommended,none,,none,"Do not proceed with the EUR 3,104.20 request. Although EUR 1,405.76 is available today, the full amount cannot be completed safely within 90 days."
request_125,5656.96,not_affordable,not_recommended,none,,none,"Do not proceed with the ZAR 6,468 request. Although ZAR 5,656.96 is available today, the full amount cannot be completed safely within 90 days."
request_126,159600.00,affordable_now,full_payment,2026-07-03:159600,2026-07-03,none,"Pay INR 159,600 today. This leaves at least INR 129,700 available over the next 90 days."
request_127,6953.78,affordable_later,wait,2024-09-15:23980,2024-09-15,none,"Pay ZAR 23,980 in full on 15 September 2024. Paying earlier would take the balance below the ZAR 41,000 minimum."
request_128,25168.00,affordable_now,full_payment,2025-02-07:25168,2025-02-07,none,"Pay ZAR 25,168 today. This leaves at least ZAR 42,600 available over the next 90 days."
request_129,112.03,not_affordable,not_recommended,none,,none,Do not make this payment by 18 June 2026. None of the available options keeps the USD 800 minimum protected.
request_130,385.36,affordable_later,wait,2025-01-15:1978.80,2025-01-15,none,"Pay USD 1,978.80 in full on 15 January 2025. Paying earlier would take the balance below the USD 1,400 minimum."
request_131,1353.52,affordable_with_plan,installments,2025-05-06:643.14|2025-06-03:643.14|2025-07-01:643.14,2025-06-15,none,"Use 3 installments of USD 643.14, starting 6 May 2025. This leaves at least USD 1,100 available."
request_132,257.25,affordable_later,wait,2026-02-15:379.86,2026-02-15,none,"Pay USD 379.86 in full on 15 February 2026. Paying earlier would take the balance below the USD 1,100 minimum."
request_133,15770000.00,not_affordable,not_recommended,none,,none,"Do not proceed with the IDR 15,770,000 request. Although IDR 15,770,000 is available today, the full amount cannot be completed safely within 90 days."
request_134,4581590.80,affordable_later,wait,2025-10-15:21831000,2025-10-15,none,"Pay IDR 21,831,000 in full on 15 October 2025. Paying earlier would take the balance below the IDR 15,902,500 minimum."
request_135,275.68,not_affordable,not_recommended,none,,none,"Do not proceed with the USD 304.80 request. Although USD 275.68 is available today, the full amount cannot be completed safely within 90 days."
request_136,533.81,not_affordable,not_recommended,none,,none,"Do not proceed with the USD 560.40 request. Although USD 533.81 is available today, the full amount cannot be completed safely within 90 days."
request_137,25682.11,affordable_later,wait,2026-01-15:80100,2026-01-15,none,"Pay INR 80,100 in full on 15 January 2026. Paying earlier would take the balance below the INR 71,800 minimum."
request_138,866.05,affordable_with_plan,partial_payment,2026-04-07:866.05|2026-04-15:390.89,2026-04-15,none,"Pay EUR 866.05 today and the remaining EUR 390.89 on 15 April 2026. This completes the full request and keeps the EUR 2,300 minimum protected."
request_139,1337.20,not_affordable,not_recommended,none,,none,"Do not proceed with the USD 2,316 request. Although USD 1,337.20 is available today, the full amount cannot be completed safely within 90 days."
request_140,1420.67,not_affordable,not_recommended,none,,none,"Do not make this payment by 4 March 2025. None of the available options keeps the ZAR 21,600 minimum protected."
request_141,20570.62,not_affordable,not_recommended,none,,none,"Do not make this payment by 12 February 2026. None of the available options keeps the INR 67,300 minimum protected."
request_142,1263.60,affordable_now,full_payment,2024-12-05:1263.60,2024-12-05,none,"Pay USD 1,263.60 today. This leaves at least USD 1,700 available over the next 90 days."
request_143,2450.06,affordable_later,wait,2025-07-15:12584,2025-07-15,none,"Pay ZAR 12,584 in full on 15 July 2025. Paying earlier would take the balance below the ZAR 11,300 minimum."
request_144,233.34,affordable_now,full_payment,2026-07-04:233.34,2026-07-04,none,Pay USD 233.34 today. This leaves at least USD 600 available over the next 90 days.
request_145,26887.14,not_affordable,not_recommended,none,,none,"Do not proceed with the INR 217,400 request. Although INR 26,887.14 is available today, the full amount cannot be completed safely within 90 days."
request_146,17001.09,not_affordable,not_recommended,none,,none,"Do not make this payment by 17 October 2025. None of the available options keeps the INR 108,600 minimum protected."
request_147,462.58,affordable_with_plan,installments,2026-04-08:391.63|2026-05-08:391.63|2026-06-07:391.63,2026-04-15,none,"Use 3 installments of EUR 391.63, starting 8 April 2026. This leaves at least EUR 900 available."
request_148,7226.87,not_affordable,not_recommended,none,,none,"Do not proceed with the ZAR 22,242 request. Although ZAR 7,226.87 is available today, the full amount cannot be completed safely within 90 days."
request_149,24778.57,affordable_with_plan,installments,2025-11-18:12706.03|2025-12-16:12706.03|2026-01-13:12706.03,2025-12-15,none,"Use 3 installments of ZAR 12,706.03, starting 18 November 2025. This leaves at least ZAR 42,100 available."
request_150,255.30,not_affordable,not_recommended,none,,none,"Do not proceed with the EUR 496.10 request. Although EUR 255.30 is available today, the full amount cannot be completed safely within 90 days."
request_151,26999000.00,affordable_now,full_payment,2024-09-03:26999000,2024-09-03,none,"Pay IDR 26,999,000 today. This leaves at least IDR 31,633,600 available over the next 90 days."
request_152,11141.31,not_affordable,not_recommended,none,,none,"Do not proceed with the ZAR 13,882 request. Although ZAR 11,141.31 is available today, the full amount cannot be completed safely within 90 days."
request_153,0.00,not_affordable,not_recommended,none,,none,"Do not make this payment by 24 September 2026. None of the available options keeps the USD 1,400 minimum protected."
request_154,1625.80,affordable_with_plan,installments,2024-12-04:563.61|2025-01-04:563.61|2025-02-04:563.61,2024-12-04,none,"Use 3 installments of EUR 563.61, starting 4 December 2024. This leaves at least EUR 1,300 available."
request_155,112500.00,affordable_now,full_payment,2025-05-06:112500,2025-05-06,none,"Pay INR 112,500 today. This leaves at least INR 56,300 available over the next 90 days."
request_156,9550.02,affordable_later,wait,2026-06-15:43076,2026-06-15,none,"Pay ZAR 43,076 in full on 15 June 2026. Paying earlier would take the balance below the ZAR 26,900 minimum."
request_157,4720471.37,affordable_later,wait,2024-04-15:23503000,2024-04-15,none,"Pay IDR 23,503,000 in full on 15 April 2024. Paying earlier would take the balance below the IDR 15,714,100 minimum."
request_158,242600.00,affordable_with_plan,installments,2025-08-07:84101.33|2025-09-04:84101.33|2025-10-02:84101.33,2025-08-07,none,"Use 3 installments of INR 84,101.33, starting 7 August 2025. This leaves at least INR 131,400 available."
request_159,0.00,not_affordable,not_recommended,none,,none,"Do not make this payment by 20 March 2026. None of the available options keeps the ZAR 8,700 minimum protected."
request_160,573.87,affordable_with_plan,installments,2024-06-13:432.05|2024-07-14:432.05|2024-08-14:432.05,2024-06-15,none,"Use 3 installments of EUR 432.05, starting 13 June 2024. This leaves at least EUR 1,200 available."
request_161,0.00,not_affordable,not_recommended,none,,none,"Do not make this payment by 15 January 2026. None of the available options keeps the IDR 23,010,400 minimum protected."
request_162,1445888.46,not_affordable,not_recommended,none,,none,"Do not make this payment by 26 August 2026. None of the available options keeps the IDR 24,161,100 minimum protected."
request_163,8753310.91,not_affordable,not_recommended,none,,none,"Do not proceed with the IDR 19,304,000 request. Although IDR 8,753,310.91 is available today, the full amount cannot be completed safely within 90 days."
request_164,27018000.00,affordable_with_plan,installments,2025-02-11:9366240|2025-03-11:9366240|2025-04-08:9366240,2025-02-04,none,"Use 3 installments of IDR 9,366,240, starting 11 February 2025. This leaves at least IDR 29,550,500 available."
request_165,80600.00,affordable_now,full_payment,2026-04-06:80600,2026-04-06,none,"Pay INR 80,600 today. This leaves at least INR 95,000 available over the next 90 days."
request_166,2907.60,affordable_with_plan,installments,2024-12-03:1007.97|2025-01-03:1007.97|2025-02-03:1007.97,2024-12-03,none,"Use 3 installments of USD 1,007.97, starting 3 December 2024. This leaves at least USD 1,700 available."
request_167,43802.00,affordable_now,full_payment,2025-05-05:43802,2025-05-05,none,"Pay ZAR 43,802 today. This leaves at least ZAR 31,200 available over the next 90 days."
request_168,30632.33,affordable_with_plan,partial_payment,2026-01-07:30632.33|2026-02-15:18747.67,2026-02-15,none,"Pay INR 30,632.33 today and the remaining INR 18,747.67 on 15 February 2026. This completes the full request and keeps the INR 114,400 minimum protected."
request_169,41976.00,affordable_now,full_payment,2024-03-04:41976,2024-03-04,none,"Pay ZAR 41,976 today. This leaves at least ZAR 18,700 available over the next 90 days."
request_170,29896767.04,affordable_with_plan,installments,2025-08-06:12804480|2025-09-03:12804480|2025-10-01:12804480,2025-09-15,none,"Use 3 installments of IDR 12,804,480, starting 6 August 2025. This leaves at least IDR 24,715,800 available."
request_171,30.80,not_affordable,not_recommended,none,,none,Do not make this payment by 10 September 2026. None of the available options keeps the EUR 500 minimum protected.
request_172,8902.24,affordable_with_plan,partial_payment,2024-06-05:8902.24|2024-06-15:1297.76,2024-06-15,none,"Pay ZAR 8,902.24 today and the remaining ZAR 1,297.76 on 15 June 2024. This completes the full request and keeps the ZAR 27,200 minimum protected."
request_173,54382.64,not_affordable,not_recommended,none,,none,"Do not make this payment by 17 January 2026. None of the available options keeps the INR 79,100 minimum protected."
request_174,1146.20,affordable_with_plan,installments,2026-04-04:397.35|2026-05-04:397.35|2026-06-03:397.35,2026-04-04,none,"Use 3 installments of EUR 397.35, starting 4 April 2026. This leaves at least EUR 700 available."
request_175,2346.30,affordable_now,full_payment,2024-09-06:2346.30,2024-09-06,none,"Pay EUR 2,346.30 today. This leaves at least EUR 1,700 available over the next 90 days."
request_176,43.87,not_affordable,not_recommended,none,,none,Do not make this payment by 27 February 2025. None of the available options keeps the EUR 600 minimum protected.
request_177,1017.60,affordable_now,full_payment,2026-01-05:1017.60,2026-01-05,none,"Pay USD 1,017.60 today. This leaves at least USD 1,300 available over the next 90 days."
request_178,2938.10,affordable_with_plan,installments,2024-12-07:1018.54|2025-01-07:1018.54|2025-02-07:1018.54,2024-12-07,none,"Use 3 installments of EUR 1,018.54, starting 7 December 2024. This leaves at least EUR 1,400 available."
request_179,6918838.44,affordable_later,wait,2025-07-15:41648000,2025-07-15,none,"Pay IDR 41,648,000 in full on 15 July 2025. Paying earlier would take the balance below the IDR 41,430,800 minimum."
request_180,66500.00,affordable_now,full_payment,2026-07-06:66500,2026-07-06,none,"Pay INR 66,500 today. This leaves at least INR 37,300 available over the next 90 days."
request_181,482.45,not_affordable,not_recommended,none,,none,"Do not make this payment by 7 April 2024. None of the available options keeps the USD 2,000 minimum protected."
request_182,65714.00,affordable_now,full_payment,2025-08-05:65714,2025-08-05,none,"Pay ZAR 65,714 today. This leaves at least ZAR 31,100 available over the next 90 days."
request_183,23015918.10,not_affordable,not_recommended,none,,none,"Do not proceed with the IDR 26,866,000 request. Although IDR 23,015,918.10 is available today, the full amount cannot be completed safely within 90 days."
request_184,7903.23,not_affordable,not_recommended,none,,none,"Do not make this payment by 30 July 2024. None of the available options keeps the INR 110,800 minimum protected."
request_185,312.61,affordable_later,wait,2026-01-15:1257.30,2026-01-15,none,"Pay EUR 1,257.30 in full on 15 January 2026. Paying earlier would take the balance below the EUR 1,300 minimum."
request_186,4019.01,affordable_later,wait,2026-03-15:26554,2026-03-15,none,"Pay ZAR 26,554 in full on 15 March 2026. Paying earlier would take the balance below the ZAR 22,000 minimum."
request_187,37246.99,affordable_later,wait,2024-09-15:187500,2024-09-15,none,"Pay INR 187,500 in full on 15 September 2024. Paying earlier would take the balance below the INR 128,300 minimum."
request_188,98.84,not_affordable,not_recommended,none,,none,Do not make this payment by 4 March 2025. None of the available options keeps the EUR 900 minimum protected.
request_189,488.40,affordable_now,full_payment,2026-07-04:488.40,2026-07-04,none,Pay EUR 488.40 today. This leaves at least EUR 400 available over the next 90 days.
request_190,532.55,affordable_later,wait,2025-02-15:2557.50,2025-02-15,none,"Pay EUR 2,557.50 in full on 15 February 2025. Paying earlier would take the balance below the EUR 1,600 minimum."
request_191,664.40,affordable_now,full_payment,2025-05-03:664.40,2025-05-03,none,Pay EUR 664.40 today. This leaves at least EUR 500 available over the next 90 days.
request_192,90.15,not_affordable,not_recommended,none,,none,"Do not make this payment by 11 May 2026. None of the available options keeps the USD 1,000 minimum protected."
request_193,36.52,affordable_with_plan,installments,2024-03-21:420.23|2024-04-21:420.23|2024-05-22:420.23,2024-03-15,none,"Use 3 installments of EUR 420.23, starting 21 March 2024. This leaves at least EUR 1,000 available."
request_194,39671.90,affordable_later,wait,2025-10-15:132800,2025-10-15,none,"Pay INR 132,800 in full on 15 October 2025. Paying earlier would take the balance below the INR 113,600 minimum."
request_195,960.07,not_affordable,not_recommended,none,,none,"Do not proceed with the EUR 1,170.40 request. Although EUR 960.07 is available today, the full amount cannot be completed safely within 90 days."
request_196,762.30,affordable_now,full_payment,2024-06-03:762.30,2024-06-03,none,Pay EUR 762.30 today. This leaves at least EUR 500 available over the next 90 days.
request_197,0.00,not_affordable,not_recommended,none,,none,"Do not make this payment by 21 January 2026. None of the available options keeps the IDR 26,245,900 minimum protected."
request_198,185800.00,affordable_now,full_payment,2026-07-07:185800,2026-07-07,none,"Pay INR 185,800 today. This leaves at least INR 124,300 available over the next 90 days."
request_199,23674000.00,affordable_with_plan,installments,2024-09-07:8206986.67|2024-10-08:8206986.67|2024-11-08:8206986.67,2024-09-04,none,"Use 3 installments of IDR 8,206,986.67, starting 7 September 2024. This leaves at least IDR 25,359,500 available."
request_200,21717000.00,affordable_now,full_payment,2025-02-06:21717000,2025-02-06,none,"Pay IDR 21,717,000 today. This leaves at least IDR 20,114,600 available over the next 90 days."
request_201,23122965.84,not_affordable,not_recommended,none,,none,"Do not make this payment by 16 May 2026. None of the available options keeps the IDR 17,304,500 minimum protected."
request_202,123900.00,affordable_now,full_payment,2024-12-05:123900,2024-12-05,none,"Pay INR 123,900 today. This leaves at least INR 147,800 available over the next 90 days."
request_203,1051.46,not_affordable,not_recommended,none,,none,"Do not make this payment by 8 July 2025. None of the available options keeps the EUR 1,400 minimum protected."
request_204,574.57,affordable_later,wait,2026-01-15:588.74,2026-01-15,none,"Pay EUR 588.74 in full on 15 January 2026. Paying earlier would take the balance below the EUR 1,300 minimum."
request_205,10621000.00,affordable_now,full_payment,2024-03-06:10621000,2024-03-06,none,"Pay IDR 10,621,000 today. This leaves at least IDR 13,994,300 available over the next 90 days."
request_206,1404.70,affordable_with_plan,installments,2025-08-03:486.96|2025-08-31:486.96|2025-09-28:486.96,2025-08-03,none,"Use 3 installments of EUR 486.96, starting 3 August 2025. This leaves at least EUR 900 available."
request_207,4692.34,affordable_later,wait,2026-07-15:11830,2026-07-15,none,"Pay ZAR 11,830 in full on 15 July 2026. Paying earlier would take the balance below the ZAR 13,600 minimum."
request_208,3127485.91,affordable_later,wait,2024-06-15:4413000,2024-06-15,none,"Pay IDR 4,413,000 in full on 15 June 2024. Paying earlier would take the balance below the IDR 10,470,700 minimum."
request_209,1867.79,not_affordable,not_recommended,none,,none,"Do not make this payment by 25 November 2025. None of the available options keeps the ZAR 18,400 minimum protected."
request_210,990.07,affordable_with_plan,partial_payment,2026-04-06:990.07|2026-04-15:369.95,2026-04-15,none,"Pay USD 990.07 today and the remaining USD 369.95 on 15 April 2026. This completes the full request and keeps the USD 2,000 minimum protected."
request_211,273.67,affordable_later,wait,2024-10-15:1788.60,2024-10-15,none,"Pay EUR 1,788.60 in full on 15 October 2024. Paying earlier would take the balance below the EUR 1,500 minimum."
request_212,5749426.70,not_affordable,not_recommended,none,,none,"Do not make this payment by 28 February 2025. None of the available options keeps the IDR 29,579,800 minimum protected."
request_213,3362.40,affordable_with_plan,installments,2026-01-21:1165.63|2026-02-20:1165.63|2026-03-22:1165.63,2026-01-07,none,"Use 3 installments of USD 1,165.63, starting 21 January 2026. This leaves at least USD 2,100 available."
request_214,53247.41,affordable_with_plan,partial_payment,2024-12-04:53247.41|2024-12-15:16502.59,2024-12-15,none,"Pay INR 53,247.41 today and the remaining INR 16,502.59 on 15 December 2024. This completes the full request and keeps the INR 174,900 minimum protected."
request_215,29986.00,affordable_with_plan,installments,2025-05-09:10395.15|2025-06-06:10395.15|2025-07-04:10395.15,2025-05-06,none,"Use 3 installments of ZAR 10,395.15, starting 9 May 2025. This leaves at least ZAR 15,700 available."
request_216,474.07,not_affordable,not_recommended,none,,none,"Do not make this payment by 15 September 2026. None of the available options keeps the USD 1,800 minimum protected."
request_217,19424.07,not_affordable,not_recommended,none,,none,"Do not proceed with the ZAR 37,180 request. Although ZAR 19,424.07 is available today, the full amount cannot be completed safely within 90 days."
request_218,24411912.40,affordable_with_plan,installments,2025-08-07:21195893.33|2025-09-04:21195893.33|2025-10-02:21195893.33,2025-09-15,none,"Use 3 installments of IDR 21,195,893.33, starting 7 August 2025. This leaves at least IDR 34,477,200 available."
request_219,701.57,affordable_with_plan,installments,2026-04-07:580.01|2026-05-07:580.01|2026-06-06:580.01,2026-04-15,none,"Use 3 installments of EUR 580.01, starting 7 April 2026. This leaves at least EUR 1,100 available."
request_220,68.48,not_affordable,not_recommended,none,,none,"Do not make this payment by 3 July 2024. None of the available options keeps the EUR 1,100 minimum protected."
request_221,109800.00,affordable_now,full_payment,2025-11-03:109800,2025-11-03,none,"Pay INR 109,800 today. This leaves at least INR 81,500 available over the next 90 days."
request_222,34078.00,affordable_now,full_payment,2026-01-05:34078,2026-01-05,none,"Pay ZAR 34,078 today. This leaves at least ZAR 27,300 available over the next 90 days."
request_223,898.70,affordable_now,full_payment,2024-09-07:898.70,2024-09-07,none,Pay EUR 898.70 today. This leaves at least EUR 800 available over the next 90 days.
request_224,10188566.26,affordable_with_plan,partial_payment,2025-02-04:10188566.26|2025-02-15:138433.74,2025-02-15,none,"Pay IDR 10,188,566.26 today and the remaining IDR 138,433.74 on 15 February 2025. This completes the full request and keeps the IDR 22,187,600 minimum protected."
request_225,9679324.72,affordable_with_plan,installments,2026-07-20:7647120|2026-08-19:7647120|2026-09-18:7647120,2026-09-15,none,"Use 3 installments of IDR 7,647,120, starting 20 July 2026. This leaves at least IDR 17,670,700 available."
request_226,157000.00,affordable_now,full_payment,2024-12-03:157000,2024-12-03,none,"Pay INR 157,000 today. This leaves at least INR 209,400 available over the next 90 days."
request_227,7513.83,not_affordable,not_recommended,none,,none,"Do not make this payment by 20 June 2025. None of the available options keeps the INR 62,900 minimum protected."
request_228,1545975.07,not_affordable,not_recommended,none,,none,"Do not make this payment by 30 April 2026. None of the available options keeps the IDR 26,191,200 minimum protected."
request_229,510.74,affordable_with_plan,installments,2024-03-18:529.29|2024-04-18:529.29|2024-05-19:529.29,2024-05-15,none,"Use 3 installments of EUR 529.29, starting 18 March 2024. This leaves at least EUR 1,000 available."
request_230,3537.60,affordable_now,full_payment,2025-08-06:3537.60,2025-08-06,none,"Pay EUR 3,537.60 today. This leaves at least EUR 2,000 available over the next 90 days."
request_231,31691.15,affordable_with_plan,installments,2026-01-06:12378.08|2026-02-05:12378.08|2026-03-07:12378.08,2026-02-15,none,"Use 3 installments of ZAR 12,378.08, starting 6 January 2026. This leaves at least ZAR 24,300 available."
request_232,591.24,not_affordable,not_recommended,none,,none,"Do not make this payment by 15 August 2024. None of the available options keeps the EUR 2,400 minimum protected."
request_233,0.00,not_affordable,not_recommended,none,,none,"Do not make this payment by 17 December 2025. None of the available options keeps the IDR 10,365,700 minimum protected."
request_234,182.39,affordable_later,wait,2026-09-15:1213.30,2026-09-15,none,"Pay EUR 1,213.30 in full on 15 September 2026. Paying earlier would take the balance below the EUR 700 minimum."
request_235,967.20,affordable_now,full_payment,2024-09-06:967.20,2024-09-06,none,Pay USD 967.20 today. This leaves at least USD 700 available over the next 90 days.
request_236,5950271.67,not_affordable,not_recommended,none,,none,"Do not make this payment by 23 February 2025. None of the available options keeps the IDR 16,768,600 minimum protected."
request_237,22599530.85,not_affordable,not_recommended,none,,none,"Do not make this payment by 20 May 2026. None of the available options keeps the IDR 22,431,500 minimum protected."
request_238,663.60,affordable_with_plan,installments,2024-12-07:230.05|2025-01-07:230.05|2025-02-07:230.05,2024-12-07,none,"Use 3 installments of USD 230.05, starting 7 December 2024. This leaves at least USD 700 available."
request_239,642.00,affordable_now,full_payment,2025-05-04:642,2025-05-04,none,Pay USD 642 today. This leaves at least USD 600 available over the next 90 days.
request_240,13857.82,not_affordable,not_recommended,none,,none,"Do not make this payment by 20 March 2026. None of the available options keeps the INR 52,800 minimum protected."
request_241,21052000.00,not_affordable,not_recommended,none,,none,"Do not proceed with the IDR 21,052,000 request. Although IDR 21,052,000 is available today, the full amount cannot be completed safely within 90 days."
request_242,0.00,not_affordable,not_recommended,none,,none,Do not make this payment by 25 August 2025. None of the available options keeps the EUR 600 minimum protected.
request_243,17468.00,affordable_now,full_payment,2026-07-07:17468,2026-07-07,none,"Pay ZAR 17,468 today. This leaves at least ZAR 19,900 available over the next 90 days."
request_244,49918.00,affordable_now,full_payment,2024-06-04:49918,2024-06-04,none,"Pay ZAR 49,918 today. This leaves at least ZAR 45,900 available over the next 90 days."
request_245,23354.54,affordable_later,wait,2026-01-15:128500,2026-01-15,none,"Pay INR 128,500 in full on 15 January 2026. Paying earlier would take the balance below the INR 94,600 minimum."
request_246,64086.00,affordable_with_plan,installments,2026-04-03:22216.48|2026-05-03:22216.48|2026-06-02:22216.48,2026-04-03,none,"Use 3 installments of ZAR 22,216.48, starting 3 April 2026. This leaves at least ZAR 39,300 available."
request_247,1059.30,affordable_now,full_payment,2024-09-05:1059.30,2024-09-05,none,"Pay EUR 1,059.30 today. This leaves at least EUR 1,300 available over the next 90 days."
request_248,424.92,not_affordable,not_recommended,none,,none,"Do not make this payment by 28 April 2025. None of the available options keeps the USD 1,300 minimum protected."
request_249,129.11,affordable_later,wait,2026-03-15:643.20,2026-03-15,none,Pay USD 643.20 in full on 15 March 2026. Paying earlier would take the balance below the USD 600 minimum.
request_250,15206.25,affordable_with_plan,partial_payment,2024-12-06:15206.25|2025-01-15:109071.75,2025-01-15,none,"Pay ZAR 15,206.25 today and the remaining ZAR 109,071.75 on 15 January 2025. This completes the full request and keeps the ZAR 35,300 minimum protected."
request_251,0.00,not_affordable,not_recommended,none,,none,"Do not make this payment by 6 June 2025. None of the available options keeps the EUR 1,300 minimum protected."
request_252,3913957.04,affordable_later,wait,2026-09-15:28082000,2026-09-15,none,"Pay IDR 28,082,000 in full on 15 September 2026. Paying earlier would take the balance below the IDR 15,152,200 minimum."
request_253,1364.28,affordable_with_plan,installments,2024-03-21:984.60|2024-04-21:984.60|2024-05-22:984.60,2024-05-15,none,"Use 3 installments of EUR 984.60, starting 21 March 2024. This leaves at least EUR 2,300 available."
request_254,618.20,affordable_later,wait,2025-10-15:3535.20,2025-10-15,none,"Pay USD 3,535.20 in full on 15 October 2025. Paying earlier would take the balance below the USD 2,500 minimum."
request_255,3345000.00,affordable_now,full_payment,2026-04-06:3345000,2026-04-06,none,"Pay IDR 3,345,000 today. This leaves at least IDR 9,813,900 available over the next 90 days."
request_256,151903.01,not_affordable,not_recommended,none,,none,"Do not proceed with the INR 218,700 request. Although INR 151,903.01 is available today, the full amount cannot be completed safely within 90 days."
request_257,345.48,affordable_later,wait,2026-01-15:1352.40,2026-01-15,none,"Pay USD 1,352.40 in full on 15 January 2026. Paying earlier would take the balance below the USD 1,600 minimum."
request_258,1113.60,affordable_now,full_payment,2026-01-07:1113.60,2026-01-07,none,"Pay USD 1,113.60 today. This leaves at least USD 500 available over the next 90 days."
request_259,252.13,affordable_later,wait,2024-11-15:935,2024-11-15,none,Pay EUR 935 in full on 15 November 2024. Paying earlier would take the balance below the EUR 600 minimum.
request_260,7520562.19,not_affordable,not_recommended,none,,none,"Do not make this payment by 18 April 2025. None of the available options keeps the IDR 20,727,700 minimum protected."
request_261,1830.40,affordable_now,full_payment,2026-07-03:1830.40,2026-07-03,none,"Pay EUR 1,830.40 today. This leaves at least EUR 1,500 available over the next 90 days."
request_262,9236000.00,affordable_now,full_payment,2024-12-05:9236000,2024-12-05,none,"Pay IDR 9,236,000 today. This leaves at least IDR 31,018,500 available over the next 90 days."
request_263,5947.62,not_affordable,not_recommended,none,,none,"Do not make this payment by 15 June 2025. None of the available options keeps the ZAR 24,100 minimum protected."
request_264,23423.31,affordable_later,wait,2026-06-15:111300,2026-06-15,none,"Pay INR 111,300 in full on 15 June 2026. Paying earlier would take the balance below the INR 59,500 minimum."
request_265,0.00,not_affordable,not_recommended,none,,none,"Do not make this payment by 21 March 2024. None of the available options keeps the INR 189,700 minimum protected."
request_266,771.32,affordable_with_plan,installments,2025-08-03:324.13|2025-08-31:324.13|2025-09-28:324.13,2025-09-15,none,"Use 3 installments of EUR 324.13, starting 3 August 2025. This leaves at least EUR 900 available."
request_267,1630.60,not_affordable,not_recommended,none,,none,"Do not proceed with the EUR 1,925 request. Although EUR 1,630.60 is available today, the full amount cannot be completed safely within 90 days."
request_268,1036.61,affordable_with_plan,installments,2024-06-14:841.22|2024-07-15:841.22|2024-08-15:841.22,2024-07-15,none,"Use 3 installments of EUR 841.22, starting 14 June 2024. This leaves at least EUR 1,400 available."
request_269,0.00,not_affordable,not_recommended,none,,none,"Do not make this payment by 2 January 2026. None of the available options keeps the ZAR 23,100 minimum protected."
request_270,104.41,not_affordable,not_recommended,none,,none,"Do not make this payment by 30 August 2026. None of the available options keeps the USD 1,400 minimum protected."
request_271,12858.11,affordable_later,wait,2024-11-15:91300,2024-11-15,none,"Pay INR 91,300 in full on 15 November 2024. Paying earlier would take the balance below the INR 58,200 minimum."
request_272,5406345.31,affordable_with_plan,installments,2025-02-12:4709466.67|2025-03-12:4709466.67|2025-04-09:4709466.67,2025-03-15,none,"Use 3 installments of IDR 4,709,466.67, starting 12 February 2025. This leaves at least IDR 7,508,600 available."
request_273,9576848.04,affordable_with_plan,partial_payment,2026-04-07:9576848.04|2026-04-15:6284151.96,2026-04-15,none,"Pay IDR 9,576,848.04 today and the remaining IDR 6,284,151.96 on 15 April 2026. This completes the full request and keeps the IDR 18,774,600 minimum protected."
request_274,2124.10,not_affordable,not_recommended,none,,none,"Do not proceed with the EUR 2,713.70 request. Although EUR 2,124.10 is available today, the full amount cannot be completed safely within 90 days."
request_275,15884000.00,affordable_now,full_payment,2025-05-06:15884000,2025-05-06,none,"Pay IDR 15,884,000 today. This leaves at least IDR 12,760,100 available over the next 90 days."
